"Source:","E:\Kicad\ZX Spectrum Issue2\ZX_Spectrum_i2.kicad_sch"
"Date:","2026-08-13T17:03:00"
"Tool:","Eeschema 10.0.4"
"Generator:","C:\Program Files\KiCad\7.0\bin\scripting\plugins/bom_csv_grouped_by_value_with_fp.py"
"Component Count:","193"
"Ref","Qnty","Value","Cmp name","Footprint","Description","Vendor","DNP"
"C1, C2, C3, C4, C5, C6, C7, C8, C26, C29, C30, C33, C36, C40, C41, C42, C48, C49, C55, C56, C57, C58, C59, C60, C61, C62, C66","27","47nF","C_Small","MOD:C_Axial_L7.8mm_D2.4mm_P12.70mm_Horizontal","Unpolarized capacitor, small symbol","",""
"C25, C28, C47, C50","4","22uF","C_Polarized_Small","MOD:CP_Axial_L15.6mm_D6.0mm_P20.00mm_Horizontal","Polarized capacitor, small symbol","",""
"C27","1","1uF","C_Polarized_Small","MOD:CP_Axial_L15.6mm_D6.0mm_P20.00mm_Horizontal","Polarized capacitor, small symbol","",""
"C31, C32, C43","3","100nF","C_Small","MOD:C_Axial_L7.8mm_D2.4mm_P12.70mm_Horizontal","Unpolarized capacitor, small symbol","",""
"C34","1","22uF","C_Polarized_Small","MOD:CP_Axial_L11.0mm_D6.0mm_P20.32mm_Horizontal","Polarized capacitor, small symbol","",""
"C35, C39","2","10nF","C_Small","MOD:C_Axial_L7.8mm_D2.4mm_P12.70mm_Horizontal","Unpolarized capacitor, small symbol","",""
"C37, C38","2","33pF","C_Small","MOD:C_Axial_L7.8mm_D2.4mm_P12.70mm_Horizontal","Unpolarized capacitor, small symbol","",""
"C44, C45","2","100uF","C_Polarized_Small","MOD:CP_Axial_L15.6mm_D6.0mm_P20.00mm_Horizontal","Polarized capacitor, small symbol","",""
"C46","1","1uF","C_Polarized_Small","MOD:CP_Axial_L11.0mm_D6.0mm_P20.32mm_Horizontal","Polarized capacitor, small symbol","",""
"C52, C53, C64, C67","4","100pF","C","MOD:C_Axial_L7.8mm_D2.4mm_P12.70mm_Horizontal","Unpolarized capacitor","",""
"C54","1","470pF","C_Small","MOD:C_Axial_L7.8mm_D2.4mm_P12.70mm_Horizontal","Unpolarized capacitor, small symbol","",""
"C63","1","47pF","C_Small","MOD:C_Axial_L7.8mm_D2.4mm_P12.70mm_Horizontal","Unpolarized capacitor, small symbol","",""
"C65","1","22uF","C_Polarized_Small","MOD:CP_Axial_L10.0mm_D2.8mm_P12.70mm_Horizontal","Polarized capacitor, small symbol","",""
"C74","1","47uF","C_Polarized_Small","MOD:CP_Axial_L11.0mm_D6.0mm_P20.32mm_Horizontal","Polarized capacitor, small symbol","",""
"D1, D2, D3, D4, D5, D6, D7, D8, D9, D10, D11, D12, D13","13","1n4148","D_Small","Diode_THT:D_DO-35_SOD27_P12.70mm_Horizontal","Diode, small symbol","",""
"D15","1","BA157","D_Small","Diode_THT:D_DO-35_SOD27_P12.70mm_Horizontal","Diode, small symbol","",""
"D16","1","5V1","D_Schottky_Small","Diode_THT:D_DO-35_SOD27_P12.70mm_Horizontal","Schottky diode, small symbol","",""
"IC1","1","ULA","ULA","Package_DIP:DIP-40_W15.24mm","","",""
"IC2","1","Z80","Z80CPU","Package_DIP:DIP-40_W15.24mm","8-bit General Purpose Microprocessor, DIP-40","",""
"IC3, IC4, IC25, IC26","4","74LS157","74LS157-IC25-IC26","Package_DIP:DIP-16_W7.62mm","Quad 2 to 1 line Multiplexer","",""
"IC5","1","ROM","23C128","Package_DIP:DIP-28_W15.24mm","MASKED ROM 128KiBit","",""
"IC6, IC7, IC8, IC9, IC10, IC11, IC12, IC13","8","4116","4116","Package_DIP:DIP-16_W7.62mm","DRAM 16Kbit","",""
"IC14","1","LM1889","LM1889","Package_DIP:DIP-18_W7.62mm","","",""
"IC15, IC16, IC17, IC18, IC19, IC20, IC21, IC22","8","4532","4532_1","Package_DIP:DIP-16_W7.62mm","DRAM 16Kbit","",""
"IC23","1","74LS32","74LS32","Package_DIP:DIP-14_W7.62mm","Quad 2-input OR","",""
"IC24","1","74LS00","74LS00","Package_DIP:DIP-14_W7.62mm","quad 2-input NAND gate","",""
"J1","1","MIC","MIC1","MOD:3.5mm_socket","","",""
"J2","1","EAR","EAR1","MOD:3.5mm_socket","","",""
"J3","1","EDGE CONNECTOR","ZX_48K_EDGE_A_TOP","MOD:ZX_BUS_A_TOP","ZX Spectrum 48K Edge Connector A Top","",""
"J4","1","Barrel_Jack","Barrel_Jack_MountingPin","MOD:BarrelJack_Horizontal","","",""
"KB1","1","KB","5-520315-5","MOD:55203155","5 Position FFC, FPC Connector Contacts, Vertical - 1 Sided 0.100"" (2.54mm) Through Hole","",""
"KB2","1","KB","5-520315-8","MOD:CONN_5-520315-8_TYC","","",""
"LNK1","1","~","RAM_TYPE","MOD:WireLink2","","",""
"LNK2","1","~","CONFIG","MOD:ROM_WireLink","","",""
"LS1","1","Speaker","Speaker","MOD:Speaker","Speaker","",""
"R1, R2, R3, R4, R5, R6, R7, R8, R27","9","470R","R_Small","MOD:R_Axial_L7.8mm_D2.4mm_P12.7mm_Horizontal","Resistor, small symbol","",""
"R9, R10, R11, R12, R13, R14, R15, R16, R49","9","8K2","R_Small","MOD:R_Axial_L7.8mm_D2.4mm_P12.7mm_Horizontal","Resistor, small symbol","",""
"R17, R18, R19, R20, R21, R22, R23, R32, R57","9","330R","R_Small","MOD:R_Axial_L7.8mm_D2.4mm_P12.7mm_Horizontal","Resistor, small symbol","",""
"R24","1","1K0","R_Small","MOD:R_Axial_L7.8mm_D2.4mm_P12.7mm_Horizontal","Resistor, small symbol","",""
"R25","1","180R","R_Small","MOD:R_Axial_L7.8mm_D2.4mm_P12.7mm_Horizontal","Resistor, small symbol","",""
"R26, R33, R36","3","680R","R_Small","MOD:R_Axial_L7.8mm_D2.4mm_P12.7mm_Horizontal","Resistor, small symbol","",""
"R28, R35, R65, R66, R67, R68, R69, R72","8","10K","R_Small","MOD:R_Axial_L7.8mm_D2.4mm_P12.7mm_Horizontal","Resistor, small symbol","",""
"R29, R41","2","1K5","R_Small","MOD:R_Axial_L7.8mm_D2.4mm_P12.7mm_Horizontal","Resistor, small symbol","",""
"R30, R37, R40, R42, R45, R46","6","1K","R_Small","MOD:R_Axial_L7.8mm_D2.4mm_P12.7mm_Horizontal","Resistor, small symbol","",""
"R31","1","220K","R_Small","MOD:R_Axial_L7.8mm_D2.4mm_P12.7mm_Horizontal","Resistor, small symbol","",""
"R34","1","15R","R_Small","MOD:R34-11.94-4.5-22.86","Resistor, small symbol","",""
"R38, R39","2","3K3","R_Small","MOD:R_Axial_L7.8mm_D2.4mm_P12.7mm_Horizontal","Resistor, small symbol","",""
"R43","1","3K 2%","R_Small","MOD:R_Axial_L7.8mm_D2.4mm_P12.7mm_Horizontal","Resistor, small symbol","",""
"R44","1","5K1 2%","R_Small","MOD:R_Axial_L7.8mm_D2.4mm_P12.7mm_Horizontal","Resistor, small symbol","",""
"R47, R56, R63, R70, R71","5","220R","R_Small","MOD:R_Axial_L7.8mm_D2.4mm_P12.7mm_Horizontal","Resistor, small symbol","",""
"R48, R51, R52","3","2K2","R_Small","MOD:R_Axial_L7.8mm_D2.4mm_P12.7mm_Horizontal","Resistor, small symbol","",""
"R50","1","4K7","R_Small","MOD:R_Axial_L7.8mm_D2.4mm_P12.7mm_Horizontal","Resistor, small symbol","",""
"R53","1","390R","R_Small","MOD:R_Axial_L7.8mm_D2.4mm_P12.7mm_Horizontal","Resistor, small symbol","",""
"R54","1","100K","R_Small","MOD:R_Axial_L7.8mm_D2.4mm_P12.7mm_Horizontal","Resistor, small symbol","",""
"R55","1","56R","R_Small","MOD:R_Axial_L7.8mm_D2.4mm_P12.7mm_Horizontal","Resistor, small symbol","",""
"R58","1","1K 2%","R_Small","MOD:R_Axial_L7.8mm_D2.4mm_P12.7mm_Horizontal","Resistor, small symbol","",""
"R59","1","1K8 2%","R_Small","MOD:R_Axial_L7.8mm_D2.4mm_P12.7mm_Horizontal","Resistor, small symbol","",""
"R60","1","270R","R_Small","MOD:R_Axial_L7.8mm_D2.4mm_P12.7mm_Horizontal","Resistor, small symbol","",""
"R61, R62, R64","3","15R","R_Small","MOD:R_Axial_L7.8mm_D2.4mm_P12.7mm_Horizontal","Resistor, small symbol","",""
"R73","1","1K0","R_Small","MOD:R_Axial_L7.8mm_D2.4mm_P15.20mm_Horizontal","Resistor, small symbol","",""
"T1","1","COIL 13/39","Transformer_1P_1S","MOD:Choke","Transformer, single primary, single secondary","",""
"TC1, TC2","2","NS","C_Trim_1","MOD:TrimmerCap","Trimmable capacitor","",""
"TR1, TR2, TR3, TR6","4","ZTX313","ZTX313","MOD:TO-92Flat","","",""
"TR4","1","ZTX650","Q_NPN_CBE","MOD:TO-92Flat","NPN transistor, collector/base/emitter","",""
"TR5","1","ZTX213","ZTX213","MOD:TO-92Flat","","",""
"U1","1","MODULATOR","MODULATOR","MOD:Modulator","","",""
"U2","1","L7805","L7805","Package_TO_SOT_THT:TO-220-3_Horizontal_TabDown","Positive 1.5A 35V Linear Regulator, Fixed Output 5V, TO-220/TO-263/TO-252","",""
"Vid1","1","Conn_01x02","WireLink_7.62mm","MOD:Wire_Link_7.62mm","","",""
"VidU1","1","Conn_01x02","WireLink_7.62mm","MOD:Wire_Link_7.62mm","","",""
"VidV1","1","Conn_01x02","WireLink_7.62mm","MOD:Wire_Link_7.62mm","","",""
"VidY1","1","Conn_01x02","WireLink_7.62mm","MOD:Wire_Link_7.62mm","","",""
"VR1, VR2","2","2K2","R_Potentiometer_Small","MOD:409HS1K","Potentiometer","",""
"X1","1","14MHz","Crystal_Small","MOD:X1","Two pin crystal, small symbol","",""
"X2","1","4.433619MHz","Crystal_GND3_Small","MOD:Crystal_HC18-U_Horizontal_1EP_style2","Three pin crystal, GND on pin 3, small symbol","",""
